-- Portfolio seed data.
-- Sources: LinkedIn work history (work_experience.md), resume project detail
-- (projects.md), and public GitHub repositories (github.com/magicjedi90).
-- The integration tests in api/tests/integration assume: job 10, project 10,
-- and skills 1 and 10 exist, with skill 10 attached to at least one project.

-- ============================================================ jobs

INSERT INTO jobs (id, start_date, end_date, is_current_job, company_name, company_website, description, roles, responsibilities) VALUES
(1, '2025-09-01', NULL, true,
 'Oaktree Capital Management, L.P.', 'https://www.oaktreecapital.com',
 'Data engineering for a global alternative investment manager — building a Microsoft Fabric EtLT platform and modernizing warehouse transformation layers. Fully remote.',
 'Senior Data Engineer',
 E'Architected an EtLT pipeline on Microsoft Fabric — Polars for extract and cleaning, Fabric Warehouse and OneLake/Delta for storage, dbt for dimensional models, and managed Airflow for code-first orchestration of a roughly 40GB daily workload\nChose Polars over Spark for single-node cleaning, substantially cutting Fabric compute-unit consumption\nEstablished production dependency management with a dedicated Azure Artifacts feed and git-synced DAGs on Fabric managed Airflow\nEliminated an HTTP I/O bottleneck by parallelizing thousands of sequential ADLS reads with a thread pool and chunked Delta appends — dropping single-entity runtimes from over 50 minutes to minutes\nRestructuring an existing warehouse''s dbt DAG through by-the-book refactorings, enforcing stage, intermediate, fact/dimension, and mart layering where circular references existed before\nCoaches contractors on dbt best practices'),

(2, '2017-08-01', NULL, true,
 'Be Insiculous Studios LLC', 'https://github.com/magicjedi90/insiculous_2d',
 'Independent game studio for original games and game technology, run alongside full-time engineering roles.',
 'Lead Game Designer',
 E'Develops Insiculous 2D, a custom Rust game engine built on wgpu, and ships small games with it as part of the 20 Games Challenge\nBuilds an RPG extension library for the Godot Engine in C++\nImplements machine learning AI for more realistic NPC behavior\nWrites storyboards and dialogue\nManages project tasks and feature tracking with Trello'),

(3, '2024-09-01', '2025-08-31', false,
 'Wells Fargo', 'https://www.wellsfargo.com',
 'Data engineering for the Enterprise Leadership Organization Analytics team.',
 'Staff Data Engineer',
 E'Consolidated 32 legacy repositories and 23 databases into a single analytics warehouse using Python ETL, Liquibase, and DBT — centralizing access and improving report delivery speed by 60%\nBuilt automated Python ETL pipelines integrated with Azure DevOps CI/CD, cutting build and release time from over an hour to under five minutes\nDeveloped and maintained scikit-learn models to forecast Agile health and headcount KPIs, boosting forecast accuracy by 25%\nAutomated database deployments with Liquibase and DBT under full source control, reducing release time by 90%\nCross-trained more than ten engineers on Python, DBT, and Liquibase, building a T-shaped full-stack data team\nMaintained the Jira backlog and partnered with product owners on acceptance criteria, reducing delivery blockers by 30%'),

(4, '2021-06-01', '2024-09-30', false,
 'Wells Fargo', 'https://www.wellsfargo.com',
 'Full-stack engineering across internal .NET services, Python ETL, and reporting APIs.',
 'Senior Software Engineer',
 E'Created and secured .NET APIs with over 80% unit-test coverage\nReplaced SSIS ETL packages with Python ETLs and a reusable validation library, cutting development time by 40%\nMentored a C# engineering group with no prior Python experience through adopting Python for their ETL processes\nTrained team members on git branching, unit testing, object-oriented design patterns, coding standards, Jira, database architecture, and agile practices'),

(5, '2020-09-01', '2021-06-30', false,
 'UKG (Ultimate Kronos Group)', 'https://www.ukg.com',
 'Full-stack work spanning an accessibility metrics dashboard and Site Reliability Engineering tooling.',
 'Full Stack Engineer',
 E'Created a web application for displaying accessibility (a11y) metrics using Python Flask, React, and Chart.js\nCleaned up and refactored the Site Reliability Engineering team''s Go backend and Angular frontend'),

(6, '2020-03-01', '2020-09-30', false,
 'Wells Fargo', 'https://www.wellsfargo.com',
 'Data engineering for the Enterprise Leadership Organization Analytics team.',
 'Data Engineer',
 E'Converted legacy PowerShell ETL scripts into a reusable Python library built on pandas dataframes, streamlining and automating the ETL process\nArchitected and maintained database schemas, tables, views, and stored procedures\nAutomated historical data tracking with system-versioned tables, supporting CTO-level weekly, monthly, and annual KPI reporting'),

(7, '2017-08-01', '2020-03-31', false,
 'Mom and Pop Studios LLC', '',
 'Co-founded a studio building custom web applications and backend systems for small businesses — enterprise-grade solutions on a startup-friendly scale. Closed during the pandemic.',
 'Co-founder / Lead Engineer',
 E'Designed and maintained a multi-tenant Java Spring Boot API platform serving all backend client workloads\nHandled full-stack development, cloud deployments, and database architecture for client platforms\nBuilt a TeamCity-based CI/CD pipeline automating deployments across VPS environments\nDeveloped a reusable React hook and component library synced with the API schema'),

(8, '2015-12-01', '2017-08-31', false,
 'VML', 'https://www.vml.com',
 'Backend Java development for enterprise clients including Ford Motor Credit, Sprint, and Bridgestone.',
 'Java Developer',
 E'Developed RESTful APIs with Java and Spring for Ford Motor Credit''s Shared Leasing and Pay Per Mile projects\nBuilt RESTful middleware APIs for the new sprint.com website\nMaintained and extended AEM backends for various Bridgestone websites'),

(9, '2014-06-01', '2015-11-30', false,
 'Higher Level Games', '',
 'Educational game studio building prototypes that teach psychology concepts through play.',
 'Co-founder / Lead Designer',
 E'Created a prototype for Psych 100 courses teaching classical and operant conditioning through gameplay\nLed team and project management as well as game and prototype design'),

(10, '2014-05-01', '2014-12-31', false,
 'Center for Games and Impact', 'https://gamesandimpact.org',
 'Research center at Arizona State University focused on games for learning and social impact.',
 'Intern',
 'Helped build the course curriculum and a game for EDT 240, Designing Games for Impact, at ASU.'),

(11, '2006-08-01', '2014-05-31', false,
 'The McIntosh Law Firm', '',
 'Family law firm.',
 'File Clerk',
 'Helped manage online filing and website upkeep.');

SELECT setval(pg_get_serial_sequence('jobs', 'id'), (SELECT max(id) FROM jobs));

-- ============================================================ skills

INSERT INTO skills (id, name, description, official_site_url, proficiency, parent_id) VALUES
(1,  'Python',        'Primary language for ETL pipelines, data tooling, and machine learning work.', 'https://www.python.org', 'Expert', NULL),
(2,  'TypeScript',    'Typed JavaScript used across modern frontend work.', 'https://www.typescriptlang.org', 'Advanced', NULL),
(3,  'JavaScript',    'Core language for frontend development.', 'https://developer.mozilla.org/docs/Web/JavaScript', 'Advanced', NULL),
(4,  'C#',            'Used for .NET APIs, enterprise services, and systems utilities.', 'https://learn.microsoft.com/dotnet/csharp/', 'Expert', NULL),
(5,  'Java',          'Used for enterprise REST APIs and multi-tenant backend platforms.', 'https://www.java.com', 'Expert', NULL),
(6,  'Rust',          'Used for the portfolio API and the Insiculous 2D game engine.', 'https://www.rust-lang.org', 'Advanced', NULL),
(7,  'pandas',        'Dataframe library at the heart of custom Python ETL work.', 'https://pandas.pydata.org', 'Expert', 1),
(8,  'NumPy',         'Numerical computing library for Python.', 'https://numpy.org', 'Advanced', 1),
(9,  'scikit-learn',  'Machine learning library used for KPI forecasting models.', 'https://scikit-learn.org', 'Advanced', 1),
(10, 'Flask',         'Lightweight Python web framework.', 'https://flask.palletsprojects.com', 'Advanced', 1),
(11, 'SQLAlchemy',    'Python SQL toolkit and ORM used in ETL utilities.', 'https://www.sqlalchemy.org', 'Expert', 1),
(12, 'React',         'Frontend library used for dashboards, client sites, and this portfolio.', 'https://react.dev', 'Advanced', 3),
(13, 'Next.js',       'React framework powering the portfolio frontend.', 'https://nextjs.org', 'Advanced', 3),
(14, 'Angular',       'Frontend framework used in enterprise modernization work.', 'https://angular.dev', 'Advanced', 3),
(15, 'Chart.js',      'Charting library used for metrics dashboards.', 'https://www.chartjs.org', 'Advanced', 3),
(16, 'ASP.NET Core',  'Framework for building .NET web APIs.', 'https://dotnet.microsoft.com/apps/aspnet', 'Expert', 4),
(17, 'XUnit',         'Unit testing framework for .NET.', 'https://xunit.net', 'Expert', 4),
(18, 'Spring Boot',   'Java framework used for enterprise and multi-tenant APIs.', 'https://spring.io/projects/spring-boot', 'Expert', 5),
(19, 'axum',          'Rust web framework powering the portfolio API.', 'https://github.com/tokio-rs/axum', 'Intermediate', 6),
(20, 'tokio',         'Asynchronous runtime for Rust.', 'https://tokio.rs', 'Intermediate', 6),
(21, 'sqlx',          'Async, compile-time-checked SQL toolkit for Rust.', 'https://github.com/launchbadge/sqlx', 'Intermediate', 6),
(22, 'utoipa',        'OpenAPI documentation generator for Rust.', 'https://github.com/juhaku/utoipa', 'Intermediate', 6),
(23, 'DBT',           'Data transformation tool used to manage warehouse models.', 'https://www.getdbt.com', 'Expert', NULL),
(24, 'Liquibase',     'Database change management used to source-control and automate deployments.', 'https://www.liquibase.com', 'Expert', NULL),
(25, 'Flyway',        'Database migration tool.', 'https://flywaydb.org', 'Advanced', NULL),
(26, 'PostgreSQL',    'Relational database behind the portfolio and other projects.', 'https://www.postgresql.org', 'Advanced', NULL),
(27, 'MySQL',         'Relational database used in client platform work.', 'https://www.mysql.com', 'Advanced', NULL),
(28, 'SQL Server',    'Enterprise relational database used across Wells Fargo analytics work.', 'https://www.microsoft.com/sql-server', 'Expert', NULL),
(29, 'MariaDB',       'MySQL-compatible relational database.', 'https://mariadb.org', 'Intermediate', NULL),
(30, 'Docker',        'Containerization used for deployment across projects.', 'https://www.docker.com', 'Advanced', NULL),
(31, 'Azure DevOps',  'CI/CD platform used for ETL and database deployment pipelines.', 'https://azure.microsoft.com/products/devops', 'Advanced', NULL),
(32, 'TeamCity',      'CI/CD server used to automate client deployments.', 'https://www.jetbrains.com/teamcity', 'Advanced', NULL),
(33, 'Jenkins',       'CI/CD automation server.', 'https://www.jenkins.io', 'Intermediate', NULL),
(34, 'Azure',         'Microsoft cloud platform.', 'https://azure.microsoft.com', 'Advanced', NULL),
(35, 'GCP',           'Google Cloud Platform.', 'https://cloud.google.com', 'Intermediate', NULL),
(36, 'Nginx',         'Web server and reverse proxy.', 'https://nginx.org', 'Intermediate', NULL),
(37, 'Apache Tomcat', 'Java servlet container.', 'https://tomcat.apache.org', 'Intermediate', NULL),
(38, 'Tailwind CSS',  'Utility-first CSS framework; used as a design-token system in the portfolio.', 'https://tailwindcss.com', 'Advanced', NULL),
(39, 'Bootstrap',     'CSS component framework.', 'https://getbootstrap.com', 'Advanced', NULL),
(40, 'Git',           'Version control, including branching-strategy training for teams.', 'https://git-scm.com', 'Expert', NULL),
(41, 'Jira',          'Agile backlog management, story writing, and acceptance criteria refinement.', 'https://www.atlassian.com/software/jira', 'Expert', NULL),
(42, 'Godot',         'Open-source game engine extended via C++ modules.', 'https://godotengine.org', 'Intermediate', NULL),
(43, 'C++',           'Used for Godot Engine RPG extension development.', 'https://isocpp.org', 'Intermediate', NULL),
(44, 'Go',            'Used in Site Reliability Engineering backend work.', 'https://go.dev', 'Intermediate', NULL),
(45, 'Polars',        'Fast single-node dataframe engine powering pipeline cleaning layers.', 'https://pola.rs', 'Advanced', 1),
(46, 'Microsoft Fabric', 'Unified data platform hosting the EtLT pipeline, warehouse, and managed Airflow.', 'https://www.microsoft.com/microsoft-fabric', 'Advanced', NULL),
(47, 'Apache Airflow', 'Code-first orchestration for production data pipelines.', 'https://airflow.apache.org', 'Advanced', NULL),
(48, 'Delta Lake',    'Transactional storage layer used for pipeline outputs on OneLake.', 'https://delta.io', 'Intermediate', NULL);

SELECT setval(pg_get_serial_sequence('skills', 'id'), (SELECT max(id) FROM skills));

-- ============================================================ projects

INSERT INTO projects (id, name, description, github_url, job_id) VALUES
(1,  'Data Consolidation',
 'Consolidated 32 legacy repositories and 23 company-wide databases into one unified analytics warehouse, with Liquibase, Python ETL, and DBT repositories for process management — improving report delivery speed by 60%.',
 NULL, 3),
(2,  'ELO Analytics Cloud Migration and ML Forecasting',
 'Automated Python ETL pipelines integrated with Azure DevOps CI/CD, cutting build and release time from over an hour to under five minutes, plus scikit-learn models forecasting Agile health and headcount KPIs with 25% better accuracy.',
 NULL, 3),
(3,  'Alumni Analytics and User Validation',
 'Python ETL pipeline integrating a third-party alumni API with business logic to validate former employees — reducing invalid user access by 95%.',
 NULL, 4),
(4,  'Public Affairs ETL Modernization',
 'Replaced SSIS packages with Python ETLs and a reusable validation library — cutting development time by 40% and improving data auditability, while mentoring C# engineers through the transition to Python.',
 NULL, 4),
(5,  'Client Non-Enterprise Service Request Modernization',
 'Modernized the legacy ASP.NET app that creates and maintains non-employee accounts for third-party intranet access, moving it to .NET 6 with Angular and Swagger at 85% test coverage.',
 NULL, 4),
(6,  'Central Reporting API Modernization',
 'Hardened the central reporting API with 80% test coverage and major refactoring — standardizing best practices and enabling a shift toward Selenium-based testing.',
 NULL, 4),
(7,  'A11y SLA Dashboard',
 'SLA dashboard built with Flask, React, and Chart.js visualizing accessibility and uptime metrics by team and application.',
 NULL, 5),
(8,  'SRE Frontend and Backend Cleanup',
 'Refactored the Site Reliability Engineering team''s Angular frontend into parent-child component structure and cleaned up its Go backend — reducing duplicate code and improving maintainability.',
 NULL, 5),
(9,  'ELO Analytics Python Modernization',
 'Rebuilt more than ten legacy PowerShell ETL jobs as a flexible Python/pandas library, with system-versioned tables for historical tracking — accelerating onboarding of new data sources by 70%.',
 NULL, 6),
(10, 'TeamCity CI/CD Pipeline',
 'Local TeamCity-based CI/CD pipeline automating deployments across VPS environments — cutting manual deployment time by 90% and reducing production errors.',
 NULL, 7),
(11, 'Reusable React Hook and Component Library',
 'React hook and component library synced with the API schema — accelerating frontend development and cutting build time by 50% across client sites.',
 NULL, 7),
(12, 'Multi-tenant Microservices Java API',
 'Multi-tenant Java microservices platform handling all backend client workloads — enabling load balancing for high-traffic services and rapid spin-up of client-specific features.',
 NULL, 7),
(13, 'Bridgestone / Firestone Website Maintenance',
 'Diagnosed and fixed UI defects across Bridgestone and Firestone sites and built a secure proxy API exposing backend data to third parties without direct database access.',
 NULL, 8),
(14, 'Sprint.com Authentication Middleware',
 'Authentication middleware for sprint.com built with Java Spring Boot — secure, token-based login for millions of users.',
 NULL, 8),
(15, 'Ford Pay Per Mile',
 'Backend API for Ford''s Pay Per Mile pilot — real-time mileage tracking across web, iOS, and Android enabling usage-based billing.',
 NULL, 8),
(16, 'Ford Shared Lease',
 'Backend API for Ford''s Shared Lease program — multi-user lease management piloted in three regions with cross-platform support.',
 NULL, 8),
(17, 'Cece''s Psyche',
 'Gamified prototype for Psych 100 courses teaching classical and operant conditioning through interactive gameplay, built with a cross-functional team of designers, developers, and academic advisors.',
 NULL, 9),
(18, 'Insiculous 2D Engine',
 'A from-scratch 2D game engine written in Rust on top of wgpu, used to build Pong and Breakout as part of the 20 Games Challenge.',
 'https://github.com/magicjedi90/insiculous_2d', 2),
(19, 'Godot RPG Extension',
 'C++ extension library adding RPG systems to the Godot Engine, with a companion demo project for testing and debugging.',
 NULL, 2),
(20, 'ETL Utilities',
 'Comprehensive Python ETL and data-manipulation framework — tools for parsing, cleaning, loading, and validating data through SQLAlchemy. Published to PyPI and used in production pipeline deployments.',
 'https://github.com/magicjedi90/etl_utilities', NULL),
(21, 'SQLStride',
 'Lightweight command-line tool that keeps a database schema in sync by executing new steps found in plain or Jinja-templated SQL files in a schema repository.',
 'https://github.com/magicjedi90/sqlstride', NULL),
(22, 'Directory Hasher',
 'TPL-powered parallel directory hasher that walks a drive, hashes every file concurrently, and writes a CSV/SQLite manifest — cancellable mid-run.',
 'https://github.com/magicjedi90/directory-hasher', NULL),
(23, 'Tiny Load Tester',
 'Small C# load tester: given a target URL and concurrency level, fires requests for a configurable duration and reports throughput, average and 95th-percentile latency, and error rate.',
 'https://github.com/magicjedi90/tiny-load-tester', NULL),
(24, 'Portfolio Website',
 'Next.js 16 / React 19 frontend for this portfolio — CSS Modules with BEM naming via qbem, Tailwind 4 design tokens, and SWR consuming a typed client generated from the API''s OpenAPI spec. Part of the portfolio monorepo, containerized with Docker.',
 'https://github.com/magicjedi90/portfolio', NULL),
(25, 'Portfolio API',
 'Asynchronous REST API built in Rust with axum, tokio, sqlx, and utoipa — serving portfolio data from Postgres with generated OpenAPI documentation and a Swagger UI.',
 'https://github.com/magicjedi90/portfolio', NULL),
(26, 'Portfolio Database',
 'Version-controlled schema and seed data for the portfolio''s Postgres database, maintained in the portfolio monorepo and loaded automatically by its Docker Compose stack.',
 'https://github.com/magicjedi90/portfolio', NULL),
(27, 'Fabric EtLT Pipeline',
 'EtLT platform on Microsoft Fabric processing a roughly 40GB daily workload — Polars cleaning, OneLake/Delta storage, dbt dimensional models, and managed Airflow orchestration, with dependencies delivered through a dedicated Azure Artifacts feed and git-synced DAGs.',
 NULL, 1),
(28, 'Warehouse dbt DAG Restructure',
 'By-the-book refactoring of an existing warehouse''s dbt DAG guided by dbt best-practice docs — enforcing stage, intermediate, fact/dimension, and mart layers in a graph that previously contained many circular references.',
 NULL, 1);

SELECT setval(pg_get_serial_sequence('projects', 'id'), (SELECT max(id) FROM projects));

-- ============================================================ projects_skills

INSERT INTO projects_skills (project_id, skill_id) VALUES
(1, 1), (1, 23), (1, 24), (1, 28), (1, 40),
(2, 1), (2, 7), (2, 9), (2, 23), (2, 24), (2, 31), (2, 41),
(3, 1), (3, 7), (3, 11),
(4, 1), (4, 7), (4, 28),
(5, 4), (5, 14), (5, 16), (5, 17),
(6, 4), (6, 16), (6, 17),
(7, 1), (7, 10), (7, 12), (7, 15),
(8, 3), (8, 14), (8, 44),
(9, 1), (9, 7), (9, 28),
(10, 30), (10, 32), (10, 36),
(11, 3), (11, 12), (11, 39),
(12, 5), (12, 18), (12, 27), (12, 37),
(13, 5), (13, 18),
(14, 5), (14, 18),
(15, 5), (15, 18),
(16, 5), (16, 18),
(18, 6),
(19, 42), (19, 43),
(20, 1), (20, 7), (20, 11),
(21, 1), (21, 26),
(22, 4),
(23, 4),
(24, 2), (24, 12), (24, 13), (24, 30), (24, 38),
(25, 6), (25, 19), (25, 20), (25, 21), (25, 22), (25, 26), (25, 30),
(26, 26),
(27, 1), (27, 45), (27, 23), (27, 46), (27, 47), (27, 48), (27, 34),
(28, 23), (28, 46), (28, 41);
